id,x,y,vel,angulo,time,crash
0,17.491201619599398,11.087239503529194,1.0,2.589698878849168,0,INIT
1,12.600511421152191,13.350282906656814,1.0,5.166172263626347,0,INIT
0,4.937666910304987,18.816625144631722,1.0,2.589698878849168,14.742273775993358,DOWN
1,19.063068111804874,0.09999999999999964,1.0,1.1170130435532393,14.742273775993358,DOWN
0,3.3119243426662175,19.817617418874022,1.0,2.589698878849168,16.651468483016576,RIGHT
1,19.9,1.8159747794905419,1.0,2.024579610036554,16.651468483016576,RIGHT
0,3.178124240093163,19.9,1.0,3.6934864283304183,16.808596956316414,UP
1,19.831119738932706,1.9572010757559322,1.0,2.024579610036554,16.808596956316414,UP